RMSE,MAE
0.14132862679910546,0.10283572018444984
0.14541245197261182,0.11419350894855013
0.18362646464065097,0.15043425545083736
0.14187425015752353,0.11084917988531709
